filename,name,status,confidence,page_url,image_url
neck-side.jpg,Neck Side Stretch,ok-exact,1.0,https://liftmanual.com/neck-side-stretch/,https://liftmanual.com/wp-content/uploads/2023/04/neck-side-stretch.jpg
neck-flexor.jpg,Neck Flexor Stretch,ok-exact,1.0,https://liftmanual.com/neck-flexor-stretch/,https://liftmanual.com/wp-content/uploads/2023/04/neck-flexor-stretch.jpg
neck-extensor.jpg,Neck Extensor Stretch,ok-exact,1.0,https://liftmanual.com/neck-extensor-stretch/,https://liftmanual.com/wp-content/uploads/2023/04/neck-extensor-stretch.jpg
chin-to-chest.jpg,Chin to Chest Stretch,ok-exact,1.0,https://liftmanual.com/chin-to-chest-stretch/,https://liftmanual.com/wp-content/uploads/2023/04/chin-to-chest-stretch.jpg
chin-tuck.jpg,Chin Tuck,ok-exact,1.0,https://liftmanual.com/chin-tuck/,https://liftmanual.com/wp-content/uploads/2023/04/chin-tuck.jpg
rotating-neck.jpg,Rotating Neck Stretch,ok-exact,1.0,https://liftmanual.com/rotating-neck-stretch/,https://liftmanual.com/wp-content/uploads/2023/04/rotating-neck-stretch.jpg
neck-circle.jpg,Neck Circle Stretch,ok-exact,1.0,https://liftmanual.com/neck-circle-stretch/,https://liftmanual.com/wp-content/uploads/2023/04/neck-circle-stretch.jpg
seated-neck-side.jpg,Seated Neck Side Stretch,ok-exact,1.0,https://liftmanual.com/seated-neck-side-stretch/,https://liftmanual.com/wp-content/uploads/2026/05/seated-neck-side-stretch.jpg
seated-sky-look.jpg,Seated Sky Look,ok-exact,1.0,https://liftmanual.com/seated-sky-look/,https://liftmanual.com/wp-content/uploads/2026/05/seated-sky-look.jpg
ceiling-look.jpg,Ceiling Look Stretch,ok-exact,1.0,https://liftmanual.com/ceiling-look-stretch/,https://liftmanual.com/wp-content/uploads/2026/05/ceiling-look-stretch.jpg
forward-flexion-neck.jpg,Forward Flexion Neck Stretch,ok-exact,1.0,https://liftmanual.com/forward-flexion-neck-stretch/,https://liftmanual.com/wp-content/uploads/2023/04/forward-flexion-neck-stretch.jpg
front-back-neck.jpg,Front and Back Neck Stretch,ok-exact,1.0,https://liftmanual.com/front-and-back-neck-stretch/,https://liftmanual.com/wp-content/uploads/2026/05/front-and-back-neck-stretch.jpg
side-push-neck.jpg,Side Push Neck Stretch,ok-exact,1.0,https://liftmanual.com/side-push-neck-stretch/,https://liftmanual.com/wp-content/uploads/2026/05/side-push-neck-stretch.jpg
seated-neck-tap.jpg,Seated Neck Tap,ok-exact,1.0,https://liftmanual.com/seated-neck-tap/,https://liftmanual.com/wp-content/uploads/2026/05/seated-neck-tap.jpg
kneeling-neck.jpg,Kneeling Neck Stretch,ok-exact,1.0,https://liftmanual.com/kneeling-neck-stretch/,https://liftmanual.com/wp-content/uploads/2026/05/kneeling-neck-stretch.jpg
cross-over-shoulder.jpg,Cross Over Shoulder Stretch,ok-exact,1.0,https://liftmanual.com/cross-over-shoulder-stretch/,https://liftmanual.com/wp-content/uploads/2023/04/cross-over-shoulder-stretch.jpg
overhead-triceps.jpg,Overhead Triceps Stretch,ok-exact,1.0,https://liftmanual.com/overhead-triceps-stretch/,https://liftmanual.com/wp-content/uploads/2023/04/overhead-triceps-stretch.jpg
triceps-stretch.jpg,Triceps Stretch,ok-exact,1.0,https://liftmanual.com/triceps-stretch/,https://liftmanual.com/wp-content/uploads/2023/04/triceps-stretch.jpg
bent-arm-chest.jpg,Bent Arm Chest Stretch,ok-exact,1.0,https://liftmanual.com/bent-arm-chest-stretch/,https://liftmanual.com/wp-content/uploads/2023/04/bent-arm-chest-stretch.jpg
reaching-up-shoulder.jpg,Reaching Up Shoulder Stretch,ok-exact,1.0,https://liftmanual.com/reaching-up-shoulder-stretch/,https://liftmanual.com/wp-content/uploads/2023/04/reaching-up-shoulder-stretch.jpg
rear-deltoid.jpg,Rear Deltoid Stretch,ok-exact,1.0,https://liftmanual.com/rear-deltoid-stretch/,https://liftmanual.com/wp-content/uploads/2023/04/rear-deltoid-stretch.jpg
arm-up-rotator.jpg,Arm Up Rotator Stretch,ok-exact,1.0,https://liftmanual.com/arm-up-rotator-stretch/,https://liftmanual.com/wp-content/uploads/2023/04/arm-up-rotator-stretch.jpg
elbows-back.jpg,Elbows Back Stretch,ok-exact,1.0,https://liftmanual.com/elbows-back-stretch/,https://liftmanual.com/wp-content/uploads/2023/04/elbows-back-stretch.jpg
reverse-shoulder.jpg,Reverse Shoulder Stretch,ok-exact,1.0,https://liftmanual.com/reverse-shoulder-stretch/,https://liftmanual.com/wp-content/uploads/2023/04/reverse-shoulder-stretch.jpg
above-head-chest.jpg,Above Head Chest Stretch,ok-exact,1.0,https://liftmanual.com/above-head-chest-stretch/,https://liftmanual.com/wp-content/uploads/2023/04/above-head-chest-stretch.jpg
shoulder-circle.jpg,Shoulder Circle,ok-exact,1.0,https://liftmanual.com/shoulder-circle/,https://liftmanual.com/wp-content/uploads/2023/04/shoulder-circle.jpg
arm-crossover.jpg,Arm Crossover,ok-exact,1.0,https://liftmanual.com/arm-crossover/,https://liftmanual.com/wp-content/uploads/2023/04/arm-crossover.jpg
wrist-flexor.jpg,Wrist Flexor Stretch,ok-exact,1.0,https://liftmanual.com/wrist-flexor-stretch/,https://liftmanual.com/wp-content/uploads/2023/04/wrist-flexor-stretch.jpg
wrist-extensor.jpg,Wrist Extensor Stretch,ok-exact,1.0,https://liftmanual.com/wrist-extensor-stretch/,https://liftmanual.com/wp-content/uploads/2023/04/wrist-extensor-stretch.jpg
wrist-circles.jpg,Wrist Circles,ok-exact,1.0,https://liftmanual.com/wrist-circles/,https://liftmanual.com/wp-content/uploads/2023/04/wrist-circles.jpg
finger-extension.jpg,Finger Extension Stretch,ok-exact,1.0,https://liftmanual.com/finger-extension-stretch/,https://liftmanual.com/wp-content/uploads/2023/04/finger-extension-stretch.jpg
finger-flexor.jpg,Finger Flexor Stretch,ok-exact,1.0,https://liftmanual.com/finger-flexor-stretch/,https://liftmanual.com/wp-content/uploads/2023/04/finger-flexor-stretch.jpg
thumb-stretch.jpg,Thumb Stretch,ok-exact,1.0,https://liftmanual.com/thumb-stretch/,https://liftmanual.com/wp-content/uploads/2023/04/thumb-stretch.jpg
dolphin.jpg,Dolphin Pose,ok-exact,1.0,https://liftmanual.com/dolphin-pose/,https://liftmanual.com/wp-content/uploads/2023/04/dolphin-pose.jpg
humble-warrior.jpg,Humble Warrior Pose,ok-exact,1.0,https://liftmanual.com/humble-warrior-pose/,https://liftmanual.com/wp-content/uploads/2023/04/humble-warrior-pose.jpg
fish.jpg,Fish Pose Matsyasana,ok-exact,1.0,https://liftmanual.com/fish-pose-matsyasana/,https://liftmanual.com/wp-content/uploads/2023/04/fish-pose-matsyasana.jpg
crab.jpg,Crab Pose,ok-exact,1.0,https://liftmanual.com/crab-pose/,https://liftmanual.com/wp-content/uploads/2023/04/crab-pose.jpg
arm-circles.jpg,Arm Circles,ok-exact,1.0,https://liftmanual.com/arm-circles/,https://liftmanual.com/wp-content/uploads/2023/04/arm-circles.jpg
standing-arms-circling.jpg,Standing Arms Circling,ok-exact,1.0,https://liftmanual.com/standing-arms-circling/,https://liftmanual.com/wp-content/uploads/2026/05/standing-arms-circling.jpg
scapula-retraction.jpg,Scapula Retraction Protraction,ok-exact,1.0,https://liftmanual.com/scapula-retraction-protraction/,https://liftmanual.com/wp-content/uploads/2023/04/scapula-retraction-protraction.jpg
scapula-elevation.jpg,Scapula Elevation Depression,ok-exact,1.0,https://liftmanual.com/scapula-elevation-depression/,https://liftmanual.com/wp-content/uploads/2023/04/scapula-elevation-depression.jpg
kneeling-chest.jpg,Kneeling Chest Stretch,ok-exact,1.0,https://liftmanual.com/kneeling-chest-stretch/,https://liftmanual.com/wp-content/uploads/2023/04/kneeling-chest-stretch.jpg
seated-chest-clam.jpg,Seated Chest Clam,ok-exact,1.0,https://liftmanual.com/seated-chest-clam/,https://liftmanual.com/wp-content/uploads/2026/05/seated-chest-clam.jpg
chest-front-shoulder.jpg,Chest and Front of Shoulder Stretch,ok-exact,1.0,https://liftmanual.com/chest-and-front-of-shoulder-stretch/,https://liftmanual.com/wp-content/uploads/2023/04/chest-and-front-of-shoulder-stretch.jpg
behind-head-chest.jpg,Behind Head Chest Stretch,ok-exact,1.0,https://liftmanual.com/behind-head-chest-stretch/,https://liftmanual.com/wp-content/uploads/2023/04/behind-head-chest-stretch.jpg
back-pec.jpg,Back Pec Stretch,ok-exact,1.0,https://liftmanual.com/back-pec-stretch/,https://liftmanual.com/wp-content/uploads/2023/04/back-pec-stretch.jpg
standing-one-arm-chest.jpg,Standing One Arm Chest Stretch,ok-exact,1.0,https://liftmanual.com/standing-one-arm-chest-stretch/,https://liftmanual.com/wp-content/uploads/2026/05/standing-one-arm-chest-stretch.jpg
reverse-chest.jpg,Reverse Chest Stretch,ok-exact,1.0,https://liftmanual.com/reverse-chest-stretch/,https://liftmanual.com/wp-content/uploads/2023/04/reverse-chest-stretch.jpg
external-shoulder-rotation.jpg,External Shoulder Rotation Stretch,ok-exact,1.0,https://liftmanual.com/external-shoulder-rotation-stretch/,https://liftmanual.com/wp-content/uploads/2023/04/external-shoulder-rotation-stretch.jpg
internal-shoulder-rotation.jpg,Internal Shoulder Rotation Stretch,ok-exact,1.0,https://liftmanual.com/internal-shoulder-rotation-stretch/,https://liftmanual.com/wp-content/uploads/2023/04/internal-shoulder-rotation-stretch.jpg
rotator-cuff.jpg,Rotator Cuff Stretch,ok-exact,1.0,https://liftmanual.com/rotator-cuff-stretch/,https://liftmanual.com/wp-content/uploads/2023/04/rotator-cuff-stretch.jpg
elbow-out-rotator.jpg,Elbow Out Rotator Stretch,ok-exact,1.0,https://liftmanual.com/elbow-out-rotator-stretch/,https://liftmanual.com/wp-content/uploads/2023/04/elbow-out-rotator-stretch.jpg
elbow-flexor.jpg,Elbow Flexor Stretch,ok-exact,1.0,https://liftmanual.com/elbow-flexor-stretch/,https://liftmanual.com/wp-content/uploads/2023/04/elbow-flexor-stretch.jpg
forearm-pronator.jpg,Forearm Pronator Stretch,ok-exact,1.0,https://liftmanual.com/forearm-pronator-stretch/,https://liftmanual.com/wp-content/uploads/2023/04/forearm-pronator-stretch.jpg
kneeling-wrist-flexor.jpg,Kneeling Wrist Flexor Stretch,ok-exact,1.0,https://liftmanual.com/kneeling-wrist-flexor-stretch/,https://liftmanual.com/wp-content/uploads/2023/04/kneeling-wrist-flexor-stretch.jpg
forearm-wall-slide.jpg,Forearm Wall Slide,ok-exact,1.0,https://liftmanual.com/forearm-wall-slide/,https://liftmanual.com/wp-content/uploads/2023/04/forearm-wall-slide.jpg
serratus-wall-slide.jpg,Serratus Wall Slide,ok-exact,1.0,https://liftmanual.com/serratus-wall-slide/,https://liftmanual.com/wp-content/uploads/2023/04/serratus-wall-slide.jpg
lying-shoulder-sweep.jpg,Lying Shoulder Sweep,ok-exact,1.0,https://liftmanual.com/lying-shoulder-sweep/,https://liftmanual.com/wp-content/uploads/2026/05/lying-shoulder-sweep.jpg
standing-wring-towel.jpg,Standing Wring the Towel,ok-exact,1.0,https://liftmanual.com/standing-wring-the-towel/,https://liftmanual.com/wp-content/uploads/2026/05/standing-wring-the-towel.jpg
overhead-clap.jpg,Overhead Clap,ok-exact,1.0,https://liftmanual.com/overhead-clap/,https://liftmanual.com/wp-content/uploads/2023/04/overhead-clap.jpg
bent-over-pendulum.jpg,Bent Over Shoulder Pendulum,ok-exact,1.0,https://liftmanual.com/bent-over-shoulder-pendulum/,https://liftmanual.com/wp-content/uploads/2023/04/bent-over-shoulder-pendulum.jpg
scapular-pushups.jpg,Scapular Pushups,ok-fuzzy,0.903,https://liftmanual.com/scapula-push-up/,https://liftmanual.com/wp-content/uploads/2023/04/scapula-push-up.jpg
reaching-upper-back.jpg,Reaching Upper Back Stretch,ok-exact,1.0,https://liftmanual.com/reaching-upper-back-stretch/,https://liftmanual.com/wp-content/uploads/2023/04/reaching-upper-back-stretch.jpg
cat-cow.jpg,Cat Cow Stretch,ok-exact,1.0,https://liftmanual.com/cat-cow-stretch/,https://liftmanual.com/wp-content/uploads/2023/04/cat-cow-stretch.jpg
cat-pose.jpg,Cat Pose,ok-exact,1.0,https://liftmanual.com/cat-pose/,https://liftmanual.com/wp-content/uploads/2023/04/cat-pose.jpg
cow-stretch.jpg,Cow Stretch,ok-exact,1.0,https://liftmanual.com/cow-stretch/,https://liftmanual.com/wp-content/uploads/2023/04/cow-stretch.jpg
child-pose.jpg,Child Pose,ok-exact,1.0,https://liftmanual.com/child-pose/,https://liftmanual.com/wp-content/uploads/2023/04/child-pose.jpg
thread-the-needle.jpg,Thread the Needle Pose,ok-exact,1.0,https://liftmanual.com/thread-the-needle-pose/,https://liftmanual.com/wp-content/uploads/2026/05/thread-the-needle-pose.jpg
cobra.jpg,Cobra Yoga Pose,ok-exact,1.0,https://liftmanual.com/cobra-yoga-pose/,https://liftmanual.com/wp-content/uploads/2023/04/cobra-yoga-pose.jpg
sphinx.jpg,Sphinx,ok-exact,1.0,https://liftmanual.com/sphinx/,https://liftmanual.com/wp-content/uploads/2023/04/sphinx.jpg
upward-dog.jpg,Upward Facing Dog,ok-exact,1.0,https://liftmanual.com/upward-facing-dog/,https://liftmanual.com/wp-content/uploads/2023/04/upward-facing-dog.jpg
puppy-pose.jpg,Puppy Pose,ok-exact,1.0,https://liftmanual.com/puppy-pose/,https://liftmanual.com/wp-content/uploads/2023/04/puppy-pose.jpg
seated-back-twist.jpg,Seated Back Twist,ok-exact,1.0,https://liftmanual.com/seated-back-twist/,https://liftmanual.com/wp-content/uploads/2026/05/seated-back-twist.jpg
supine-twist.jpg,Supine Spinal Twist Yoga Pose,ok-exact,1.0,https://liftmanual.com/supine-spinal-twist-yoga-pose/,https://liftmanual.com/wp-content/uploads/2023/04/supine-spinal-twist-yoga-pose.jpg
knee-to-chest.jpg,Knee to Chest Stretch,ok-exact,1.0,https://liftmanual.com/knee-to-chest-stretch/,https://liftmanual.com/wp-content/uploads/2023/04/knee-to-chest-stretch.jpg
lying-knee-to-chest.jpg,Lying Knee to Chest Stretch,ok-exact,1.0,https://liftmanual.com/lying-knee-to-chest-stretch/,https://liftmanual.com/wp-content/uploads/2023/04/lying-knee-to-chest-stretch.jpg
double-knee-to-chest.jpg,Pavanamuktasana Yoga Pose,ok-exact,1.0,https://liftmanual.com/pavanamuktasana-yoga-pose/,https://liftmanual.com/wp-content/uploads/2023/04/pavanamuktasana-yoga-pose.jpg
lying-lower-back.jpg,Lying Lower Back Stretch,ok-exact,1.0,https://liftmanual.com/lying-lower-back-stretch/,https://liftmanual.com/wp-content/uploads/2023/04/lying-lower-back-stretch.jpg
lying-knee-roll.jpg,Lying Knee Roll Over Stretch,ok-exact,1.0,https://liftmanual.com/lying-knee-roll-over-stretch/,https://liftmanual.com/wp-content/uploads/2023/04/lying-knee-roll-over-stretch.jpg
seated-lower-back.jpg,Seated Lower Back Stretch,ok-exact,1.0,https://liftmanual.com/seated-lower-back-stretch/,https://liftmanual.com/wp-content/uploads/2023/04/seated-lower-back-stretch.jpg
standing-back-rotation.jpg,Standing Back Rotation Stretch,ok-exact,1.0,https://liftmanual.com/standing-back-rotation-stretch/,https://liftmanual.com/wp-content/uploads/2023/04/standing-back-rotation-stretch.jpg
middle-back.jpg,Middle Back Stretch,ok-exact,1.0,https://liftmanual.com/middle-back-stretch/,https://liftmanual.com/wp-content/uploads/2023/04/middle-back-stretch.jpg
upper-back.jpg,Upper Back Stretch,ok-exact,1.0,https://liftmanual.com/upper-back-stretch/,https://liftmanual.com/wp-content/uploads/2023/04/upper-back-stretch.jpg
child-to-cobra.jpg,Child to Cobra Pose,ok-exact,1.0,https://liftmanual.com/child-to-cobra-pose/,https://liftmanual.com/wp-content/uploads/2026/05/child-to-cobra-pose.jpg
kneeling-back-rotation.jpg,Kneeling Back Rotation Stretch,ok-exact,1.0,https://liftmanual.com/kneeling-back-rotation-stretch/,https://liftmanual.com/wp-content/uploads/2023/04/kneeling-back-rotation-stretch.jpg
back-stretch.jpg,Back Stretch,ok-exact,1.0,https://liftmanual.com/back-stretch/,https://liftmanual.com/wp-content/uploads/2023/04/back-stretch.jpg
bow-pose.jpg,Bow Yoga Pose,ok-exact,1.0,https://liftmanual.com/bow-yoga-pose/,https://liftmanual.com/wp-content/uploads/2023/04/bow-yoga-pose.jpg
camel.jpg,Camel Pose,ok-exact,1.0,https://liftmanual.com/camel-pose/,https://liftmanual.com/wp-content/uploads/2023/04/camel-pose.jpg
bridge.jpg,Bridge Pose Setu Bandhasana,ok-exact,1.0,https://liftmanual.com/bridge-pose-setu-bandhasana/,https://liftmanual.com/wp-content/uploads/2026/05/bridge-pose-setu-bandhasana.jpg
wheel.jpg,Wheel Pose Urdhva Dhanurasana,ok-exact,1.0,https://liftmanual.com/wheel-pose-urdhva-dhanurasana/,https://liftmanual.com/wp-content/uploads/2026/05/wheel-pose-urdhva-dhanurasana.jpg
plow.jpg,Plow Yoga Pose,ok-exact,1.0,https://liftmanual.com/plow-yoga-pose/,https://liftmanual.com/wp-content/uploads/2023/04/plow-yoga-pose.jpg
open-book.jpg,Open Book Stretch,ok-exact,1.0,https://liftmanual.com/open-book-stretch/,https://liftmanual.com/wp-content/uploads/2023/04/open-book-stretch.jpg
inchworm.jpg,Bodyweight Front Plank to Downward Dog,ok-exact,1.0,https://liftmanual.com/bodyweight-front-plank-to-downward-dog/,https://liftmanual.com/wp-content/uploads/2023/04/bodyweight-front-plank-to-downward-dog.jpg
thoracic-bridge.jpg,Thoracic Bridge,ok-exact,1.0,https://liftmanual.com/thoracic-bridge/,https://liftmanual.com/wp-content/uploads/2023/04/thoracic-bridge.jpg
kneeling-tspine.jpg,Kneeling T Spine Mobility,ok-exact,1.0,https://liftmanual.com/kneeling-t-spine-mobility/,https://liftmanual.com/wp-content/uploads/2026/05/kneeling-t-spine-mobility.jpg
seated-spinal-twist.jpg,Ardha Matsyendrasana Yoga Pose,ok-exact,1.0,https://liftmanual.com/ardha-matsyendrasana-yoga-pose/,https://liftmanual.com/wp-content/uploads/2023/04/ardha-matsyendrasana-yoga-pose.jpg
lying-crossover.jpg,Lying Crossover Stretch,ok-exact,1.0,https://liftmanual.com/lying-crossover-stretch/,https://liftmanual.com/wp-content/uploads/2023/04/lying-crossover-stretch.jpg
spine-twist.jpg,Spine Twist,ok-exact,1.0,https://liftmanual.com/spine-twist/,https://liftmanual.com/wp-content/uploads/2023/04/spine-twist.jpg
spine-stretch-forward.jpg,Spine Stretch Forward,ok-exact,1.0,https://liftmanual.com/spine-stretch-forward/,https://liftmanual.com/wp-content/uploads/2023/04/spine-stretch-forward.jpg
big-turn-back.jpg,Standing Reach Up Back Rotation Stretch,ok-exact,1.0,https://liftmanual.com/standing-reach-up-back-rotation-stretch/,https://liftmanual.com/wp-content/uploads/2026/05/standing-reach-up-back-rotation-stretch.jpg
kneeling-lat.jpg,Kneeling Lat Stretch,ok-exact,1.0,https://liftmanual.com/kneeling-lat-stretch/,https://liftmanual.com/wp-content/uploads/2023/04/kneeling-lat-stretch.jpg
one-arm-lat.jpg,One Arm Lat Stretch,ok-exact,1.0,https://liftmanual.com/one-arm-lat-stretch/,https://liftmanual.com/wp-content/uploads/2023/04/one-arm-lat-stretch.jpg
side-lat.jpg,Side Lat Stretch,ok-exact,1.0,https://liftmanual.com/side-lat-stretch/,https://liftmanual.com/wp-content/uploads/2023/04/side-lat-stretch.jpg
superman-chest.jpg,Superman Chest Stretch,ok-exact,1.0,https://liftmanual.com/superman-chest-stretch/,https://liftmanual.com/wp-content/uploads/2023/04/superman-chest-stretch.jpg
crocodile.jpg,Crocodile Yoga Pose,ok-exact,1.0,https://liftmanual.com/crocodile-yoga-pose/,https://liftmanual.com/wp-content/uploads/2023/04/crocodile-yoga-pose.jpg
lying-upper-body-rotation.jpg,Lying Upper Body Rotation,ok-exact,1.0,https://liftmanual.com/lying-upper-body-rotation/,https://liftmanual.com/wp-content/uploads/2026/05/lying-upper-body-rotation.jpg
rollover.jpg,Rollover,ok-exact,1.0,https://liftmanual.com/rollover/,https://liftmanual.com/wp-content/uploads/2023/04/rollover.jpg
half-sun-salutation.jpg,Half Sun Salutation,ok-exact,1.0,https://liftmanual.com/half-sun-salutation/,https://liftmanual.com/wp-content/uploads/2023/04/half-sun-salutation.jpg
standing-upper-body-rotation.jpg,Standing Upper Body Rotation,ok-exact,1.0,https://liftmanual.com/standing-upper-body-rotation/,https://liftmanual.com/wp-content/uploads/2023/04/standing-upper-body-rotation.jpg
bent-over-twist.jpg,Bent Over Twist,ok-exact,1.0,https://liftmanual.com/bent-over-twist/,https://liftmanual.com/wp-content/uploads/2023/04/bent-over-twist.jpg
windmills.jpg,Windmills / Lower Back Rotations,UNMATCHED,0.607,,
pigeon.jpg,Pigeon Hip Stretch,ok-exact,1.0,https://liftmanual.com/pigeon-hip-stretch/,https://liftmanual.com/wp-content/uploads/2023/04/pigeon-hip-stretch.jpg
half-pigeon.jpg,Half Pigeon Hip Stretch,ok-exact,1.0,https://liftmanual.com/half-pigeon-hip-stretch/,https://liftmanual.com/wp-content/uploads/2026/05/half-pigeon-hip-stretch.jpg
double-pigeon.jpg,Double Pigeon Pose,ok-exact,1.0,https://liftmanual.com/double-pigeon-pose/,https://liftmanual.com/wp-content/uploads/2023/04/double-pigeon-pose.jpg
butterfly.jpg,Butterfly Yoga Pose,ok-exact,1.0,https://liftmanual.com/butterfly-yoga-pose/,https://liftmanual.com/wp-content/uploads/2023/04/butterfly-yoga-pose.jpg
butterfly-flaps.jpg,Butterfly Yoga Flaps,ok-exact,1.0,https://liftmanual.com/butterfly-yoga-flaps/,https://liftmanual.com/wp-content/uploads/2026/05/butterfly-yoga-flaps.jpg
frog.jpg,Frog Pose Mandukasana,ok-exact,1.0,https://liftmanual.com/frog-pose-mandukasana/,https://liftmanual.com/wp-content/uploads/2023/04/frog-pose-mandukasana.jpg
rocking-frog.jpg,Rocking Frog Stretch,ok-exact,1.0,https://liftmanual.com/rocking-frog-stretch/,https://liftmanual.com/wp-content/uploads/2023/04/rocking-frog-stretch.jpg
happy-baby.jpg,Happy Baby Pose,ok-exact,1.0,https://liftmanual.com/happy-baby-pose/,https://liftmanual.com/wp-content/uploads/2023/04/happy-baby-pose.jpg
seated-glute.jpg,Seated Glute Stretch,ok-exact,1.0,https://liftmanual.com/seated-glute-stretch/,https://liftmanual.com/wp-content/uploads/2023/04/seated-glute-stretch.jpg
lying-glute.jpg,Lying Glute Stretch,ok-exact,1.0,https://liftmanual.com/lying-glute-stretch/,https://liftmanual.com/wp-content/uploads/2023/04/lying-glute-stretch.jpg
seated-piriformis.jpg,Seated Piriformis Stretch,ok-exact,1.0,https://liftmanual.com/seated-piriformis-stretch/,https://liftmanual.com/wp-content/uploads/2023/04/seated-piriformis-stretch.jpg
figure-four.jpg,Standing Figure Four Pose,ok-exact,1.0,https://liftmanual.com/standing-figure-four-pose/,https://liftmanual.com/wp-content/uploads/2023/04/standing-figure-four-pose.jpg
low-lunge.jpg,Low Lunge,ok-exact,1.0,https://liftmanual.com/low-lunge/,https://liftmanual.com/wp-content/uploads/2023/04/low-lunge.jpg
high-lunge.jpg,High Lunge,ok-exact,1.0,https://liftmanual.com/high-lunge/,https://liftmanual.com/wp-content/uploads/2023/04/high-lunge.jpg
kneeling-hip-flexor.jpg,Kneeling Hip Flexor,ok-exact,1.0,https://liftmanual.com/kneeling-hip-flexor/,https://liftmanual.com/wp-content/uploads/2023/04/kneeling-hip-flexor.jpg
standing-hip-flexor.jpg,Standing Hip Flexor Stretch,ok-exact,1.0,https://liftmanual.com/standing-hip-flexor-stretch/,https://liftmanual.com/wp-content/uploads/2023/04/standing-hip-flexor-stretch.jpg
couch-stretch.jpg,Couch Stretch,ok-exact,1.0,https://liftmanual.com/couch-stretch/,https://liftmanual.com/wp-content/uploads/2023/04/couch-stretch.jpg
lizard.jpg,Lizard Pose,ok-exact,1.0,https://liftmanual.com/lizard-pose/,https://liftmanual.com/wp-content/uploads/2023/04/lizard-pose.jpg
garland.jpg,Garland Pose Malasana,ok-exact,1.0,https://liftmanual.com/garland-pose-malasana/,https://liftmanual.com/wp-content/uploads/2023/04/garland-pose-malasana.jpg
deep-squat.jpg,Squat Mobility,ok-exact,1.0,https://liftmanual.com/squat-mobility/,https://liftmanual.com/wp-content/uploads/2023/04/squat-mobility.jpg
90-90.jpg,90 to 90 Stretch,ok-exact,1.0,https://liftmanual.com/90-to-90-stretch/,https://liftmanual.com/wp-content/uploads/2023/04/90-to-90-stretch.jpg
dynamic-90-90.jpg,Dynamic 90 90 Hip Twist,ok-exact,1.0,https://liftmanual.com/dynamic-90-90-hip-twist/,https://liftmanual.com/wp-content/uploads/2026/05/dynamic-90-90-hip-twist.jpg
shin-box-switch.jpg,Shin Box Switch,ok-exact,1.0,https://liftmanual.com/shin-box-switch/,https://liftmanual.com/wp-content/uploads/2023/04/shin-box-switch.jpg
seated-groin.jpg,Seated Groin Stretch,ok-exact,1.0,https://liftmanual.com/seated-groin-stretch/,https://liftmanual.com/wp-content/uploads/2023/04/seated-groin-stretch.jpg
fire-log.jpg,Double Pigeon Pose (Fire Log),UNMATCHED,0.8,,
pretzel.jpg,Pretzel Stretch,ok-exact,1.0,https://liftmanual.com/pretzel-stretch/,https://liftmanual.com/wp-content/uploads/2023/04/pretzel-stretch.jpg
runners-stretch.jpg,Runners Stretch,ok-exact,1.0,https://liftmanual.com/runners-stretch/,https://liftmanual.com/wp-content/uploads/2023/04/runners-stretch.jpg
warrior-1.jpg,Warrior Pose I Virabhadrasana,ok-exact,1.0,https://liftmanual.com/warrior-pose-i-virabhadrasana/,https://liftmanual.com/wp-content/uploads/2026/05/warrior-pose-i-virabhadrasana.jpg
warrior-2.jpg,Warrior II Yoga Pose,ok-exact,1.0,https://liftmanual.com/warrior-ii-yoga-pose/,https://liftmanual.com/wp-content/uploads/2023/04/warrior-ii-yoga-pose.jpg
crescent-moon.jpg,Crescent Moon Pose,ok-exact,1.0,https://liftmanual.com/crescent-moon-pose/,https://liftmanual.com/wp-content/uploads/2023/04/crescent-moon-pose.jpg
tree-pose.jpg,Tree Pose Vrksasana,ok-exact,1.0,https://liftmanual.com/tree-pose-vrksasana/,https://liftmanual.com/wp-content/uploads/2023/04/tree-pose-vrksasana.jpg
eagle-pose.jpg,Eagle Pose Garudasana,ok-exact,1.0,https://liftmanual.com/eagle-pose-garudasana/,https://liftmanual.com/wp-content/uploads/2023/04/eagle-pose-garudasana.jpg
lotus.jpg,Lotus Yoga Pose Padmasana,ok-exact,1.0,https://liftmanual.com/lotus-yoga-pose-padmasana/,https://liftmanual.com/wp-content/uploads/2023/04/lotus-yoga-pose-padmasana.jpg
leg-swings-front.jpg,Back Forward Leg Swings,ok-exact,1.0,https://liftmanual.com/back-forward-leg-swings/,https://liftmanual.com/wp-content/uploads/2023/04/back-forward-leg-swings.jpg
leg-swings-side.jpg,Side to Side Leg Swings,ok-exact,1.0,https://liftmanual.com/side-to-side-leg-swings/,https://liftmanual.com/wp-content/uploads/2023/04/side-to-side-leg-swings.jpg
hip-circles.jpg,Standing Hip Circle,ok-exact,1.0,https://liftmanual.com/standing-hip-circle/,https://liftmanual.com/wp-content/uploads/2023/04/standing-hip-circle.jpg
worlds-greatest.jpg,Worlds Greatest Stretch,ok-exact,1.0,https://liftmanual.com/worlds-greatest-stretch/,https://liftmanual.com/wp-content/uploads/2023/04/worlds-greatest-stretch.jpg
pelvic-tilt.jpg,Pelvic Tilt,ok-exact,1.0,https://liftmanual.com/pelvic-tilt/,https://liftmanual.com/wp-content/uploads/2023/04/pelvic-tilt.jpg
standing-pelvic-tilt.jpg,Standing Pelvic Tilt,ok-exact,1.0,https://liftmanual.com/standing-pelvic-tilt/,https://liftmanual.com/wp-content/uploads/2023/04/standing-pelvic-tilt.jpg
cossack-squat.jpg,Cossack Squats,ok-exact,1.0,https://liftmanual.com/cossack-squats/,https://liftmanual.com/wp-content/uploads/2023/04/cossack-squats.jpg
standing-outer-hip.jpg,Standing Outer Hip Stretch,ok-exact,1.0,https://liftmanual.com/standing-outer-hip-stretch/,https://liftmanual.com/wp-content/uploads/2023/04/standing-outer-hip-stretch.jpg
standing-knee-to-chest.jpg,Standing Knee to Chest Stretch,ok-exact,1.0,https://liftmanual.com/standing-knee-to-chest-stretch/,https://liftmanual.com/wp-content/uploads/2023/04/standing-knee-to-chest-stretch.jpg
lying-hip-flexor.jpg,Lying Hip Flexor Stretch,ok-exact,1.0,https://liftmanual.com/lying-hip-flexor-stretch/,https://liftmanual.com/wp-content/uploads/2023/04/lying-hip-flexor-stretch.jpg
kneeling-iliopsoas.jpg,Kneeling Iliopsoas Stretch,ok-exact,1.0,https://liftmanual.com/kneeling-iliopsoas-stretch/,https://liftmanual.com/wp-content/uploads/2026/05/kneeling-iliopsoas-stretch.jpg
crossover-kneeling-hip-flexor.jpg,Crossover Kneeling Hip Flexor Stretch,ok-exact,1.0,https://liftmanual.com/crossover-kneeling-hip-flexor-stretch/,https://liftmanual.com/wp-content/uploads/2023/04/crossover-kneeling-hip-flexor-stretch.jpg
flexion-extension-hip.jpg,Flexion and Extension Hip Stretch,ok-exact,1.0,https://liftmanual.com/flexion-and-extension-hip-stretch/,https://liftmanual.com/wp-content/uploads/2026/05/flexion-and-extension-hip-stretch.jpg
hip-extension.jpg,Hip Extension Stretch,ok-exact,1.0,https://liftmanual.com/hip-extension-stretch/,https://liftmanual.com/wp-content/uploads/2023/04/hip-extension-stretch.jpg
hip-external-rotator.jpg,Hip External Rotator Stretch,ok-exact,1.0,https://liftmanual.com/hip-external-rotator-stretch/,https://liftmanual.com/wp-content/uploads/2023/04/hip-external-rotator-stretch.jpg
seated-hip-external-rotation.jpg,Seated Hip External Rotation,ok-exact,1.0,https://liftmanual.com/seated-hip-external-rotation/,https://liftmanual.com/wp-content/uploads/2026/05/seated-hip-external-rotation.jpg
rocker-open-legs.jpg,Rocker With Open Legs,ok-exact,1.0,https://liftmanual.com/rocker-with-open-legs/,https://liftmanual.com/wp-content/uploads/2023/04/rocker-with-open-legs.jpg
half-seated-leg-circle.jpg,Half Seated Leg Circle,ok-exact,1.0,https://liftmanual.com/half-seated-leg-circle/,https://liftmanual.com/wp-content/uploads/2023/04/half-seated-leg-circle.jpg
side-lying-leg-circle.jpg,Side Lying Leg Circle,ok-exact,1.0,https://liftmanual.com/side-lying-leg-circle/,https://liftmanual.com/wp-content/uploads/2026/05/side-lying-leg-circle.jpg
lying-single-leg-circle.jpg,Lying Single Leg Circle,ok-exact,1.0,https://liftmanual.com/lying-single-leg-circle/,https://liftmanual.com/wp-content/uploads/2023/04/lying-single-leg-circle.jpg
side-kick.jpg,Side Kick,ok-exact,1.0,https://liftmanual.com/side-kick/,https://liftmanual.com/wp-content/uploads/2023/04/side-kick.jpg
leg-to-side.jpg,Leg to Side,ok-exact,1.0,https://liftmanual.com/leg-to-side/,https://liftmanual.com/wp-content/uploads/2026/05/leg-to-side.jpg
lying-abductor.jpg,Lying Abductor Stretch,ok-exact,1.0,https://liftmanual.com/lying-abductor-stretch/,https://liftmanual.com/wp-content/uploads/2023/04/lying-abductor-stretch.jpg
recumbent-hip.jpg,Recumbent Hip External Rotator and Hip Extensor Stretch,ok-exact,1.0,https://liftmanual.com/recumbent-hip-external-rotator-and-hip-extensor-stretch/,https://liftmanual.com/wp-content/uploads/2023/04/recumbent-hip-external-rotator-and-hip-extensor-stretch.jpg
hawaiian-squat.jpg,Hawaiian Squat,ok-exact,1.0,https://liftmanual.com/hawaian-squat/,https://liftmanual.com/wp-content/uploads/2026/05/hawaian-squat.jpg
potty-squat.jpg,Potty Squat,ok-exact,1.0,https://liftmanual.com/potty-squat/,https://liftmanual.com/wp-content/uploads/2023/04/potty-squat.jpg
full-squat-mobility.jpg,Full Squat Mobility,ok-exact,1.0,https://liftmanual.com/full-squat-mobility/,https://liftmanual.com/wp-content/uploads/2023/04/full-squat-mobility.jpg
squat-mobility-twist.jpg,Squat Mobility Twist,ok-exact,1.0,https://liftmanual.com/squat-mobility-twist/,https://liftmanual.com/wp-content/uploads/2026/05/squat-mobility-twist.jpg
twisted-leg-lunge.jpg,Twisted Leg Lunge Pose,ok-exact,1.0,https://liftmanual.com/twisted-leg-lunge-pose/,https://liftmanual.com/wp-content/uploads/2026/05/twisted-leg-lunge-pose.jpg
split-sprinter-lunge.jpg,Split Sprinter Low Lunge,ok-exact,1.0,https://liftmanual.com/split-sprinter-low-lunge/,https://liftmanual.com/wp-content/uploads/2026/05/split-sprinter-low-lunge.jpg
lunge-stretch.jpg,Lunge Stretch,ok-exact,1.0,https://liftmanual.com/lunge-stretch/,https://liftmanual.com/wp-content/uploads/2023/04/lunge-stretch.jpg
prayer-squat.jpg,Prayer Squat Yoga Pose,ok-exact,1.0,https://liftmanual.com/prayer-squat-yoga-pose/,https://liftmanual.com/wp-content/uploads/2023/04/prayer-squat-yoga-pose.jpg
animal-resting.jpg,Animal Resting Yoga Pose,ok-exact,1.0,https://liftmanual.com/animal-resting-yoga-pose/,https://liftmanual.com/wp-content/uploads/2023/04/animal-resting-yoga-pose.jpg
standing-figure-four.jpg,Standing Figure Four Pose (Balance),ok-slug,0.97,https://liftmanual.com/standing-figure-four-pose/,https://liftmanual.com/wp-content/uploads/2023/04/standing-figure-four-pose.jpg
standing-balance-hip-rotation.jpg,Standing Balance Hip Rotation,ok-exact,1.0,https://liftmanual.com/standing-balance-hip-rotation/,https://liftmanual.com/wp-content/uploads/2026/05/standing-balance-hip-rotation.jpg
standing-balance-outer-hip.jpg,Standing Balance Outer Hip Stretch,ok-exact,1.0,https://liftmanual.com/standing-balance-outer-hip-stretch/,https://liftmanual.com/wp-content/uploads/2026/05/standing-balance-outer-hip-stretch.jpg
kneeling-sartorius.jpg,Kneeling Sartorius Stretch,ok-exact,1.0,https://liftmanual.com/kneeling-sartorius-stretch/,https://liftmanual.com/wp-content/uploads/2026/05/kneeling-sartorius-stretch.jpg
standing-low-body-rotation.jpg,Standing Low Body Rotation,ok-exact,1.0,https://liftmanual.com/standing-low-body-rotation/,https://liftmanual.com/wp-content/uploads/2026/05/standing-low-body-rotation.jpg
standing-hip-openers.jpg,Standing Hip Openers,UNMATCHED,0.718,,
windshield-wipers.jpg,Windshield Wipers,UNMATCHED,0.606,,
frog-rock.jpg,Rocking Ankle Stretch,ok-exact,1.0,https://liftmanual.com/rocking-ankle-stretch/,https://liftmanual.com/wp-content/uploads/2023/04/rocking-ankle-stretch.jpg
standing-hamstring.jpg,Standing Hamstring Stretch,ok-exact,1.0,https://liftmanual.com/standing-hamstring-stretch/,https://liftmanual.com/wp-content/uploads/2023/04/standing-hamstring-stretch.jpg
standing-high-hamstring.jpg,Standing High Leg Bent Knee Hamstring Stretch,ok-exact,1.0,https://liftmanual.com/standing-high-leg-bent-knee-hamstring-stretch/,https://liftmanual.com/wp-content/uploads/2023/04/standing-high-leg-bent-knee-hamstring-stretch.jpg
seated-single-hamstring.jpg,Seated Single Leg Hamstring Stretch,ok-exact,1.0,https://liftmanual.com/seated-single-leg-hamstring-stretch/,https://liftmanual.com/wp-content/uploads/2023/04/seated-single-leg-hamstring-stretch.jpg
leg-up-hamstring.jpg,Leg Up Hamstring Stretch,ok-exact,1.0,https://liftmanual.com/leg-up-hamstring-stretch/,https://liftmanual.com/wp-content/uploads/2023/04/leg-up-hamstring-stretch.jpg
basic-toe-touch.jpg,Basic Toe Touch,ok-exact,1.0,https://liftmanual.com/basic-toe-touch/,https://liftmanual.com/wp-content/uploads/2023/04/basic-toe-touch.jpg
standing-quad.jpg,Standing Quadriceps Stretch,ok-exact,1.0,https://liftmanual.com/standing-quadriceps-stretch/,https://liftmanual.com/wp-content/uploads/2023/04/standing-quadriceps-stretch.jpg
standing-balance-quad.jpg,Standing Balance Quadriceps Stretch,ok-exact,1.0,https://liftmanual.com/standing-balance-quadriceps-stretch/,https://liftmanual.com/wp-content/uploads/2026/05/standing-balance-quadriceps-stretch.jpg
lying-quad.jpg,Quadriceps Lying Stretch,ok-exact,1.0,https://liftmanual.com/quadriceps-lying-stretch/,https://liftmanual.com/wp-content/uploads/2026/05/quadriceps-lying-stretch.jpg
seated-quad.jpg,Seated Quadriceps Stretch,ok-exact,1.0,https://liftmanual.com/seated-quadriceps-stretch/,https://liftmanual.com/wp-content/uploads/2023/04/seated-quadriceps-stretch.jpg
all-fours-quad.jpg,All Fours Quad Stretch,ok-exact,1.0,https://liftmanual.com/all-fours-squad-stretch/,https://liftmanual.com/wp-content/uploads/2023/04/all-fours-squad-stretch.jpg
calf-wall.jpg,Calf Stretch with Hands Against Wall,ok-exact,1.0,https://liftmanual.com/calf-stretch-with-hands-against-wall/,https://liftmanual.com/wp-content/uploads/2026/05/calf-stretch-with-hands-against-wall.jpg
calves-stretch.jpg,Calves Stretch,ok-exact,1.0,https://liftmanual.com/calves-stretch/,https://liftmanual.com/wp-content/uploads/2023/04/calves-stretch.jpg
standing-gastroc.jpg,Standing Gastrocnemius Calf Stretch,ok-exact,1.0,https://liftmanual.com/standing-gastrocnemius-calf-stretch/,https://liftmanual.com/wp-content/uploads/2023/04/standing-gastrocnemius-calf-stretch.jpg
lunging-calf.jpg,Lunging Straight Leg Calf Stretch,ok-exact,1.0,https://liftmanual.com/lunging-straight-leg-calf-stretch/,https://liftmanual.com/wp-content/uploads/2026/05/lunging-straight-leg-calf-stretch.jpg
standing-achilles.jpg,Standing Achilles Stretch,ok-exact,1.0,https://liftmanual.com/standing-achilles-stretch/,https://liftmanual.com/wp-content/uploads/2023/04/standing-achilles-stretch.jpg
seated-calf.jpg,Seated Calf Stretch,ok-exact,1.0,https://liftmanual.com/seated-calf-stretch/,https://liftmanual.com/wp-content/uploads/2023/04/seated-calf-stretch.jpg
seated-straight-calf.jpg,Seated Straight Leg Calf Stretch,ok-exact,1.0,https://liftmanual.com/seated-straight-leg-calf-stretch/,https://liftmanual.com/wp-content/uploads/2026/05/seated-straight-leg-calf-stretch.jpg
adductor.jpg,Adductor Stretch,ok-exact,1.0,https://liftmanual.com/adductor-stretch/,https://liftmanual.com/wp-content/uploads/2023/04/adductor-stretch.jpg
side-lunge-adductor.jpg,Side Lunge Adductor Stretch,ok-exact,1.0,https://liftmanual.com/side-lunge-adductor-stretch/,https://liftmanual.com/wp-content/uploads/2023/04/side-lunge-adductor-stretch.jpg
sitting-wide-adductor.jpg,Sitting Wide Leg Adductor Stretch,ok-exact,1.0,https://liftmanual.com/sitting-wide-leg-adductor-stretch/,https://liftmanual.com/wp-content/uploads/2023/04/sitting-wide-leg-adductor-stretch.jpg
spread-leg-fold.jpg,Spread Leg Forward Fold Upavista Konasana,ok-exact,1.0,https://liftmanual.com/spread-leg-forward-fold-upavista-konasana/,https://liftmanual.com/wp-content/uploads/2026/05/spread-leg-forward-fold-upavista-konasana.jpg
wide-leg-fold.jpg,Wide Legged Forward Bend Prasarita Padottanasana,ok-exact,1.0,https://liftmanual.com/wide-legged-forward-bend-prasarita-padottanasana/,https://liftmanual.com/wp-content/uploads/2023/04/wide-legged-forward-bend-prasarita-padottanasana.jpg
stand-spread-fold.jpg,Stand Spread Leg Forward Fold,ok-exact,1.0,https://liftmanual.com/stand-spread-leg-forward-fold/,https://liftmanual.com/wp-content/uploads/2023/04/stand-spread-leg-forward-fold.jpg
standing-shin.jpg,Standing Shin Stretch,ok-exact,1.0,https://liftmanual.com/standing-shin-stretch/,https://liftmanual.com/wp-content/uploads/2023/04/standing-shin-stretch.jpg
standing-tibialis.jpg,Standing Tibialis Anterior Stretch,ok-exact,1.0,https://liftmanual.com/standing-tibialis-anterior-stretch/,https://liftmanual.com/wp-content/uploads/2026/05/standing-tibialis-anterior-stretch.jpg
ankle-circles.jpg,Ankle Circles,ok-exact,1.0,https://liftmanual.com/ankle-circles/,https://liftmanual.com/wp-content/uploads/2023/04/ankle-circles.jpg
feet-ankles-rotation.jpg,Feet and Ankles Rotation Stretch,ok-exact,1.0,https://liftmanual.com/feet-and-ankles-rotation-stretch/,https://liftmanual.com/wp-content/uploads/2026/05/feet-and-ankles-rotation-stretch.jpg
seated-ankle.jpg,Seated Ankle Stretch,ok-exact,1.0,https://liftmanual.com/seated-ankle-stretch/,https://liftmanual.com/wp-content/uploads/2023/04/seated-ankle-stretch.jpg
downward-dog.jpg,Downward Facing Dog,ok-exact,1.0,https://liftmanual.com/downward-facing-dog/,https://liftmanual.com/wp-content/uploads/2023/04/downward-facing-dog.jpg
standing-forward-bend.jpg,Standing Forward Bend Uttanasana,ok-exact,1.0,https://liftmanual.com/standing-forward-bend-uttanasana/,https://liftmanual.com/wp-content/uploads/2023/04/standing-forward-bend-uttanasana.jpg
hands-to-feet.jpg,Hands to Feet Pada Hastasana,ok-exact,1.0,https://liftmanual.com/hands-to-feet-pada-hastasana/,https://liftmanual.com/wp-content/uploads/2026/05/hands-to-feet-pada-hastasana.jpg
warrior-3.jpg,Warrior III Pose,ok-exact,1.0,https://liftmanual.com/warrior-iii-pose/,https://liftmanual.com/wp-content/uploads/2023/04/warrior-iii-pose.jpg
pyramid.jpg,Pyramid Pose,ok-exact,1.0,https://liftmanual.com/pyramid-pose/,https://liftmanual.com/wp-content/uploads/2023/04/pyramid-pose.jpg
chair-pose.jpg,Chair Pose I Utkatasana I,ok-exact,1.0,https://liftmanual.com/chair-pose-i-utkatasana-i/,https://liftmanual.com/wp-content/uploads/2026/05/chair-pose-i-utkatasana-i.jpg
dancer.jpg,Dancer Pose Natarajasana,ok-exact,1.0,https://liftmanual.com/dancer-pose-natarajasana/,https://liftmanual.com/wp-content/uploads/2026/05/dancer-pose-natarajasana.jpg
legs-up-wall.jpg,Legs Up the Wall Yoga Pose,ok-exact,1.0,https://liftmanual.com/legs-up-the-wall-yoga-pose/,https://liftmanual.com/wp-content/uploads/2026/05/legs-up-the-wall-yoga-pose.jpg
hero.jpg,Hero Pose Virasana,ok-exact,1.0,https://liftmanual.com/hero-pose-virasana/,https://liftmanual.com/wp-content/uploads/2023/04/hero-pose-virasana.jpg
toy-soldier.jpg,Toy Soldier Dynamic Stretch,ok-exact,1.0,https://liftmanual.com/toy-soldier-dynamic-stretch/,https://liftmanual.com/wp-content/uploads/2023/04/toy-soldier-dynamic-stretch.jpg
front-leg-kick.jpg,Front Leg Kick,ok-exact,1.0,https://liftmanual.com/front-leg-kick/,https://liftmanual.com/wp-content/uploads/2023/04/front-leg-kick.jpg
standing-iliotibial.jpg,Standing Iliotibial Stretch,ok-exact,1.0,https://liftmanual.com/standing-iliotibial-stretch/,https://liftmanual.com/wp-content/uploads/2023/04/standing-iliotibial-stretch.jpg
standing-leg-cross-abductor.jpg,Standing Leg Cross Abductor Stretch,ok-exact,1.0,https://liftmanual.com/standing-leg-cross-abductor-stretch/,https://liftmanual.com/wp-content/uploads/2023/04/standing-leg-cross-abductor-stretch.jpg
side-split.jpg,Side Split,ok-exact,1.0,https://liftmanual.com/side-split/,https://liftmanual.com/wp-content/uploads/2023/04/side-split.jpg
front-hamstring.jpg,Front Hamstring Stretch,ok-exact,1.0,https://liftmanual.com/front-hamstring-stretch/,https://liftmanual.com/wp-content/uploads/2023/04/front-hamstring-stretch.jpg
single-straight-leg.jpg,Single Straight Leg Stretch,ok-exact,1.0,https://liftmanual.com/single-straight-leg-stretch/,https://liftmanual.com/wp-content/uploads/2023/04/single-straight-leg-stretch.jpg
standing-hamstrings-back.jpg,Standing Hamstrings and Back Stretch,ok-exact,1.0,https://liftmanual.com/standing-hamstrings-and-back-stretch/,https://liftmanual.com/wp-content/uploads/2026/05/standing-hamstrings-and-back-stretch.jpg
plantar-flexion.jpg,Plantar Flexion Stretch,ok-exact,1.0,https://liftmanual.com/plantar-flexion-stretch/,https://liftmanual.com/wp-content/uploads/2023/04/plantar-flexion-stretch.jpg
peroneals.jpg,Peroneals Stretch,ok-exact,1.0,https://liftmanual.com/peroneals-stretch/,https://liftmanual.com/wp-content/uploads/2023/04/peroneals-stretch.jpg
posterior-tibialis.jpg,Posterior Tibialis Stretch,ok-exact,1.0,https://liftmanual.com/posterior-tibialis-stretch/,https://liftmanual.com/wp-content/uploads/2023/04/posterior-tibialis-stretch.jpg
heel-press.jpg,Heel Press,ok-exact,1.0,https://liftmanual.com/heel-press/,https://liftmanual.com/wp-content/uploads/2023/04/heel-press.jpg
standing-toe-up-calf.jpg,Standing Toe Up Calf Stretch,ok-exact,1.0,https://liftmanual.com/standing-toe-up-calf-stretch/,https://liftmanual.com/wp-content/uploads/2023/04/standing-toe-up-calf-stretch.jpg
lying-calf.jpg,Lying Calf Stretch,ok-exact,1.0,https://liftmanual.com/lying-calf-stretch/,https://liftmanual.com/wp-content/uploads/2023/04/lying-calf-stretch.jpg
elephant-walks.jpg,Elephant Walks,UNMATCHED,0.643,,
standing-side-bend.jpg,Standing Side Bend,ok-exact,1.0,https://liftmanual.com/standing-side-bend/,https://liftmanual.com/wp-content/uploads/2023/04/standing-side-bend.jpg
standing-lateral.jpg,Standing Lateral Stretch,ok-exact,1.0,https://liftmanual.com/standing-lateral-stretch/,https://liftmanual.com/wp-content/uploads/2023/04/standing-lateral-stretch.jpg
standing-side-stretch.jpg,Standing Side Stretch,ok-exact,1.0,https://liftmanual.com/standing-side-stretch/,https://liftmanual.com/wp-content/uploads/2023/04/standing-side-stretch.jpg
abdominal-stretch.jpg,Abdominal Stretch,ok-exact,1.0,https://liftmanual.com/abdominal-stretch/,https://liftmanual.com/wp-content/uploads/2023/04/abdominal-stretch.jpg
rotating-stomach.jpg,Rotating Stomach Stretch,ok-exact,1.0,https://liftmanual.com/rotating-stomach-stretch/,https://liftmanual.com/wp-content/uploads/2023/04/rotating-stomach-stretch.jpg
seated-rotation.jpg,Seated Rotation Stretch,ok-exact,1.0,https://liftmanual.com/seated-rotation-stretch/,https://liftmanual.com/wp-content/uploads/2023/04/seated-rotation-stretch.jpg
standing-abs-rotation.jpg,Standing Abs Rotation Stretch,ok-exact,1.0,https://liftmanual.com/standing-abs-rotation-stretch/,https://liftmanual.com/wp-content/uploads/2026/05/standing-abs-rotation-stretch.jpg
mountain-pose.jpg,Mountain Pose,ok-exact,1.0,https://liftmanual.com/mountain-pose/,https://liftmanual.com/wp-content/uploads/2023/04/mountain-pose.jpg
triangle.jpg,Triangle Pose Trikonasana,ok-exact,1.0,https://liftmanual.com/triangle-pose-trikonasana/,https://liftmanual.com/wp-content/uploads/2023/04/triangle-pose-trikonasana.jpg
revolved-triangle.jpg,Revolved Triangle Pose,ok-exact,1.0,https://liftmanual.com/revolved-triangle-pose/,https://liftmanual.com/wp-content/uploads/2023/04/revolved-triangle-pose.jpg
extended-side-angle.jpg,Extended Side Angle Yoga Pose,ok-exact,1.0,https://liftmanual.com/extended-side-angle-yoga-pose/,https://liftmanual.com/wp-content/uploads/2023/04/extended-side-angle-yoga-pose.jpg
revolved-side-angle.jpg,Revolved Side Angle Pose,ok-exact,1.0,https://liftmanual.com/revolved-side-angle-pose/,https://liftmanual.com/wp-content/uploads/2023/04/revolved-side-angle-pose.jpg
reverse-warrior.jpg,Reverse Warrior Pose,ok-exact,1.0,https://liftmanual.com/reverse-warrior-pose/,https://liftmanual.com/wp-content/uploads/2023/04/reverse-warrior-pose.jpg
half-moon.jpg,Half Moon Pose Ardha Chandrasana,ok-exact,1.0,https://liftmanual.com/half-moon-pose-ardha-chandrasana/,https://liftmanual.com/wp-content/uploads/2023/04/half-moon-pose-ardha-chandrasana.jpg
gate-pose.jpg,Gate Pose,UNMATCHED,0.824,,
boat-pose.jpg,Boat Yoga Pose,ok-exact,1.0,https://liftmanual.com/boat-yoga-pose/,https://liftmanual.com/wp-content/uploads/2023/04/boat-yoga-pose.jpg
corpse.jpg,Corpse Pose Savasana,ok-exact,1.0,https://liftmanual.com/corpse-pose-savasana/,https://liftmanual.com/wp-content/uploads/2026/05/corpse-pose-savasana.jpg
double-leg-stretch.jpg,Double Leg Stretch,ok-exact,1.0,https://liftmanual.com/double-leg-stretch/,https://liftmanual.com/wp-content/uploads/2023/04/double-leg-stretch.jpg
standing-half-bend.jpg,Standing Half Bend,ok-exact,1.0,https://liftmanual.com/standing-half-bend/,https://liftmanual.com/wp-content/uploads/2026/05/standing-half-bend.jpg
standing-lateral-side.jpg,Standing Lateral Side Stretch,ok-exact,1.0,https://liftmanual.com/standing-lateral-side-stretch/,https://liftmanual.com/wp-content/uploads/2023/04/standing-lateral-side-stretch.jpg
standing-two-side-bend.jpg,Standing Two Side Bend,ok-exact,1.0,https://liftmanual.com/standing-two-side-bend/,https://liftmanual.com/wp-content/uploads/2026/05/standing-two-side-bend.jpg
side-twist.jpg,Side Twist,ok-exact,1.0,https://liftmanual.com/side-twist/,https://liftmanual.com/wp-content/uploads/2023/04/side-twist.jpg
twist-step.jpg,Twist Step Stretch,ok-exact,1.0,https://liftmanual.com/twist-step-stretch/,https://liftmanual.com/wp-content/uploads/2026/05/twist-step-stretch.jpg
floss-sciatic.jpg,Sciatic Nerve Floss,UNMATCHED,0.545,,
floss-median.jpg,Median Nerve Floss,UNMATCHED,0.529,,
floss-ulnar.jpg,Ulnar Nerve Floss,UNMATCHED,0.545,,
floss-radial.jpg,Radial Nerve Floss,UNMATCHED,0.562,,
floss-femoral.jpg,Femoral Nerve Floss,UNMATCHED,0.522,,
